{
    "customers": [
      {
        "customer": "34 Strong",
        "address": {
          "street": "123 Main St",
          "city": "Anytown",
          "state": "CA",
          "zip": "12345"
        },
        "customerDetails": {
          "accountNumber": "12345",
          "membershipLevel": "Gold",
          "lastPurchaseDate": "2022-03-15"
        },
        "devOpsLifecycle": {
          "feature1": {
            "activities": [
              "activity1",
              "activity2",
              "activity3"
            ]
          },
          "feature2": {
            "activities": [
              "activity1",
              "activity2",
              "activity3"
            ]
          },
          "feature3": {
            "activities": [
              "activity1",
              "activity2",
              "activity3"
            ]
          }
        }
      },
      {
        "customer": "Hermosa",
        "address": {
          "street": "456 Oak St",
          "city": "Somewhere",
          "state": "NY",
          "zip": "54321"
        },
        "customerDetails": {
          "accountNumber": "67890",
          "membershipLevel": "Silver",
          "lastPurchaseDate": "2022-02-01"
        },
        "devOpsLifecycle": {
          "feature1": {
            "activities": [
                "activity1",
                "activity2",
                "activity3"
              ]
          },
          "feature2": {
            "activities": [
                "activity1",
                "activity2",
                "activity3"
              ]
          },
          "feature3": {
            "activities": [
                "activity1",
                "activity2",
                "activity3"
              ]
          }
        }
      }
    ]
  }
  